Title,URL,Sentence,Label,Score
"On Bitcoin White Paper's 15th Anniversary, Wall Street Threatens to Swallow Its One-Time Challenger",https://www.coindesk.com/business/2023/10/31/on-bitcoin-white-papers-15th-anniversary-wall-street-threatens-to-swallow-its-one-time-challenger/,"If you were paying attention back then, you don't need to be told this, but for those who were not: Late October 2008 was an incredibly ugly time in money, markets and finance.",Systemic_Risk_Management,0.7375752925872803
"On Bitcoin White Paper's 15th Anniversary, Wall Street Threatens to Swallow Its One-Time Challenger",https://www.coindesk.com/business/2023/10/31/on-bitcoin-white-papers-15th-anniversary-wall-street-threatens-to-swallow-its-one-time-challenger/,"Major firms, most famously Lehman Brothers, had just collapsed or required bailouts.",Systemic_Risk_Management,0.894206166267395
"On Bitcoin White Paper's 15th Anniversary, Wall Street Threatens to Swallow Its One-Time Challenger",https://www.coindesk.com/business/2023/10/31/on-bitcoin-white-papers-15th-anniversary-wall-street-threatens-to-swallow-its-one-time-challenger/,"Many others were teetering, and the stock market was tanking.",Systemic_Risk_Management,0.46663224697113037
"On Bitcoin White Paper's 15th Anniversary, Wall Street Threatens to Swallow Its One-Time Challenger",https://www.coindesk.com/business/2023/10/31/on-bitcoin-white-papers-15th-anniversary-wall-street-threatens-to-swallow-its-one-time-challenger/,Governments and central banks were trying to contain the catastrophe.,Systemic_Risk_Management,0.7533842921257019
"On Bitcoin White Paper's 15th Anniversary, Wall Street Threatens to Swallow Its One-Time Challenger",https://www.coindesk.com/business/2023/10/31/on-bitcoin-white-papers-15th-anniversary-wall-street-threatens-to-swallow-its-one-time-challenger/,"And I wasn't sleeping well, tangled up in covering the carnage at Bloomberg News.",Systemic_Risk_Management,0.20142225921154022
"On Bitcoin White Paper's 15th Anniversary, Wall Street Threatens to Swallow Its One-Time Challenger",https://www.coindesk.com/business/2023/10/31/on-bitcoin-white-papers-15th-anniversary-wall-street-threatens-to-swallow-its-one-time-challenger/,"Oct. 31, 2008, is also when the Bitcoin white paper came out – now 15 years ago to the day.",Competitive_Behavior,0.35718584060668945
"On Bitcoin White Paper's 15th Anniversary, Wall Street Threatens to Swallow Its One-Time Challenger",https://www.coindesk.com/business/2023/10/31/on-bitcoin-white-papers-15th-anniversary-wall-street-threatens-to-swallow-its-one-time-challenger/,"Ensconced in traditional finance, I didn't notice the cryptocurrency revolution had begun, nor had the rest of what we now call TradFi; the financial system appeared to be burning down, after all – we were busy.",Systemic_Risk_Management,0.8074319958686829
"On Bitcoin White Paper's 15th Anniversary, Wall Street Threatens to Swallow Its One-Time Challenger",https://www.coindesk.com/business/2023/10/31/on-bitcoin-white-papers-15th-anniversary-wall-street-threatens-to-swallow-its-one-time-challenger/,"Satoshi Nakamoto's paper didn't explicitly say: The world needs a peer-to-peer system to move money around to replace Wall Street giants because they can't be trusted, they're falling apart, etc.",Systemic_Risk_Management,0.6308199167251587
"On Bitcoin White Paper's 15th Anniversary, Wall Street Threatens to Swallow Its One-Time Challenger",https://www.coindesk.com/business/2023/10/31/on-bitcoin-white-papers-15th-anniversary-wall-street-threatens-to-swallow-its-one-time-challenger/,But that was the vibe as folks picked up on the idea and made the Bitcoin blockchain and bitcoin (BTC) the cryptocurrency real.,Systemic_Risk_Management,0.34598875045776367
"On Bitcoin White Paper's 15th Anniversary, Wall Street Threatens to Swallow Its One-Time Challenger",https://www.coindesk.com/business/2023/10/31/on-bitcoin-white-papers-15th-anniversary-wall-street-threatens-to-swallow-its-one-time-challenger/,"Bitcoin got switched on, BTC started getting mined and stuff started happening – small stuff at first.",Data_Security,0.4022272229194641
"On Bitcoin White Paper's 15th Anniversary, Wall Street Threatens to Swallow Its One-Time Challenger",https://www.coindesk.com/business/2023/10/31/on-bitcoin-white-papers-15th-anniversary-wall-street-threatens-to-swallow-its-one-time-challenger/,Pizzas were purchased.,Customer_Welfare,0.296176940202713
"On Bitcoin White Paper's 15th Anniversary, Wall Street Threatens to Swallow Its One-Time Challenger",https://www.coindesk.com/business/2023/10/31/on-bitcoin-white-papers-15th-anniversary-wall-street-threatens-to-swallow-its-one-time-challenger/,A website morphed from a place to swap Magic: The Gathering cards to a giant crypto exchange – and then got massively hacked.,Data_Security,0.46889257431030273
"On Bitcoin White Paper's 15th Anniversary, Wall Street Threatens to Swallow Its One-Time Challenger",https://www.coindesk.com/business/2023/10/31/on-bitcoin-white-papers-15th-anniversary-wall-street-threatens-to-swallow-its-one-time-challenger/,"Other cryptocurrencies debuted, expanding what blockchains could do.",Systemic_Risk_Management,0.44179773330688477
"On Bitcoin White Paper's 15th Anniversary, Wall Street Threatens to Swallow Its One-Time Challenger",https://www.coindesk.com/business/2023/10/31/on-bitcoin-white-papers-15th-anniversary-wall-street-threatens-to-swallow-its-one-time-challenger/,"Crypto prices soared – like, really soared – as idealists who embraced the idea of decentralization and cutting out middlemen in finance harnessed Satoshi's ideas, made them real and extended them.",Competitive_Behavior,0.8981125354766846
"On Bitcoin White Paper's 15th Anniversary, Wall Street Threatens to Swallow Its One-Time Challenger",https://www.coindesk.com/business/2023/10/31/on-bitcoin-white-papers-15th-anniversary-wall-street-threatens-to-swallow-its-one-time-challenger/,(More than a few charlatans got involved as well.),Competitive_Behavior,0.4865766167640686
"On Bitcoin White Paper's 15th Anniversary, Wall Street Threatens to Swallow Its One-Time Challenger",https://www.coindesk.com/business/2023/10/31/on-bitcoin-white-papers-15th-anniversary-wall-street-threatens-to-swallow-its-one-time-challenger/,"Wall Street and the rest of TradFi started paying attention – trying to move conventional financial operations onto blockchains and trading ""digital assets,"" their genteel term for cryptocurrencies.",Systemic_Risk_Management,0.5451915860176086
"On Bitcoin White Paper's 15th Anniversary, Wall Street Threatens to Swallow Its One-Time Challenger",https://www.coindesk.com/business/2023/10/31/on-bitcoin-white-papers-15th-anniversary-wall-street-threatens-to-swallow-its-one-time-challenger/,Read more: What Will Wall Street's Bitcoin Narrative Be?,Systemic_Risk_Management,0.5156502723693848
"On Bitcoin White Paper's 15th Anniversary, Wall Street Threatens to Swallow Its One-Time Challenger",https://www.coindesk.com/business/2023/10/31/on-bitcoin-white-papers-15th-anniversary-wall-street-threatens-to-swallow-its-one-time-challenger/,"Today, we find ourselves at an ironic moment.",Competitive_Behavior,0.1940298080444336
"On Bitcoin White Paper's 15th Anniversary, Wall Street Threatens to Swallow Its One-Time Challenger",https://www.coindesk.com/business/2023/10/31/on-bitcoin-white-papers-15th-anniversary-wall-street-threatens-to-swallow-its-one-time-challenger/,"These titans of finance are increasingly driving a space that, to many, was designed to put them out of business.",Systemic_Risk_Management,0.7525758147239685
"On Bitcoin White Paper's 15th Anniversary, Wall Street Threatens to Swallow Its One-Time Challenger",https://www.coindesk.com/business/2023/10/31/on-bitcoin-white-papers-15th-anniversary-wall-street-threatens-to-swallow-its-one-time-challenger/,"Take, for instance, the story of the moment (excluding Sam Bankman-Fried's ongoing criminal fraud trial).",Business_Ethics,0.9665117859840393
"On Bitcoin White Paper's 15th Anniversary, Wall Street Threatens to Swallow Its One-Time Challenger",https://www.coindesk.com/business/2023/10/31/on-bitcoin-white-papers-15th-anniversary-wall-street-threatens-to-swallow-its-one-time-challenger/,"Giddiness over BlackRock (the biggest asset manager in the world) and some of its peers trying to list bitcoin ETFs in the U.S. pushed up bitcoin's price last week, a bet that these easy-to-trade products will bring a flood of investment into BTC.",Competitive_Behavior,0.3854139447212219
"On Bitcoin White Paper's 15th Anniversary, Wall Street Threatens to Swallow Its One-Time Challenger",https://www.coindesk.com/business/2023/10/31/on-bitcoin-white-papers-15th-anniversary-wall-street-threatens-to-swallow-its-one-time-challenger/,"BlackRock and other ETF providers look poised to be – assuming regulators permit these products, and there are reasons to think they'll have to – the new bitcoin whales.",Competitive_Behavior,0.41201940178871155
"On Bitcoin White Paper's 15th Anniversary, Wall Street Threatens to Swallow Its One-Time Challenger",https://www.coindesk.com/business/2023/10/31/on-bitcoin-white-papers-15th-anniversary-wall-street-threatens-to-swallow-its-one-time-challenger/,"Read more: BlackRock CEO Larry Fink Seeing Client Demand for Crypto 'Around The World' Also, CME Group, owner of the Chicago Mercantile Exchange, is close to overtaking Binance as the largest crypto derivatives exchange in the world.",Systemic_Risk_Management,0.5392771363258362
"On Bitcoin White Paper's 15th Anniversary, Wall Street Threatens to Swallow Its One-Time Challenger",https://www.coindesk.com/business/2023/10/31/on-bitcoin-white-papers-15th-anniversary-wall-street-threatens-to-swallow-its-one-time-challenger/,"(CME's product is a cash-settled futures contract, essentially a side bet on bitcoin's price; no BTC changes hands).",Competitive_Behavior,0.9021412134170532
"On Bitcoin White Paper's 15th Anniversary, Wall Street Threatens to Swallow Its One-Time Challenger",https://www.coindesk.com/business/2023/10/31/on-bitcoin-white-papers-15th-anniversary-wall-street-threatens-to-swallow-its-one-time-challenger/,"In other words, a business with roots in the 19th century and agricultural commodities like corn and pork bellies, and one of the key spots in all of traditional finance, is a major player in crypto trading.",Systemic_Risk_Management,0.45468685030937195
"On Bitcoin White Paper's 15th Anniversary, Wall Street Threatens to Swallow Its One-Time Challenger",https://www.coindesk.com/business/2023/10/31/on-bitcoin-white-papers-15th-anniversary-wall-street-threatens-to-swallow-its-one-time-challenger/,"That said, this is less about how much of the total BTC stash that Wall Street holds.",Systemic_Risk_Management,0.32576698064804077
"On Bitcoin White Paper's 15th Anniversary, Wall Street Threatens to Swallow Its One-Time Challenger",https://www.coindesk.com/business/2023/10/31/on-bitcoin-white-papers-15th-anniversary-wall-street-threatens-to-swallow-its-one-time-challenger/,"Finance people are increasingly taking over the story – at least to the mainstream – around bitcoin, to an extent that is noteworthy.",Systemic_Risk_Management,0.3270517587661743
"On Bitcoin White Paper's 15th Anniversary, Wall Street Threatens to Swallow Its One-Time Challenger",https://www.coindesk.com/business/2023/10/31/on-bitcoin-white-papers-15th-anniversary-wall-street-threatens-to-swallow-its-one-time-challenger/,What does TradFi muscling its way to the front of the pack mean for crypto?,Competitive_Behavior,0.42929795384407043
"On Bitcoin White Paper's 15th Anniversary, Wall Street Threatens to Swallow Its One-Time Challenger",https://www.coindesk.com/business/2023/10/31/on-bitcoin-white-papers-15th-anniversary-wall-street-threatens-to-swallow-its-one-time-challenger/,"First, an asterisk: Bitcoin ETFs and crypto derivatives trading (much of it involving BTC) don't mean finance bros are swallowing all of crypto.",Systemic_Risk_Management,0.5963636040687561
"On Bitcoin White Paper's 15th Anniversary, Wall Street Threatens to Swallow Its One-Time Challenger",https://www.coindesk.com/business/2023/10/31/on-bitcoin-white-papers-15th-anniversary-wall-street-threatens-to-swallow-its-one-time-challenger/,Bitcoin is not all of crypto – though its market capitalization as a percentage of the whole crypto market is at an unusually high level above 50%.,Systemic_Risk_Management,0.4064424932003021
"On Bitcoin White Paper's 15th Anniversary, Wall Street Threatens to Swallow Its One-Time Challenger",https://www.coindesk.com/business/2023/10/31/on-bitcoin-white-papers-15th-anniversary-wall-street-threatens-to-swallow-its-one-time-challenger/,There are the myriad blockchains like Ethereum and its associated layer-2 networks such as Polygon that run smart contracts – software designed to power various financial and other applications – and that have their own tradable tokens.,Competitive_Behavior,0.2543848752975464
"On Bitcoin White Paper's 15th Anniversary, Wall Street Threatens to Swallow Its One-Time Challenger",https://www.coindesk.com/business/2023/10/31/on-bitcoin-white-papers-15th-anniversary-wall-street-threatens-to-swallow-its-one-time-challenger/,"That's a whole largely decentralized realm (in aspiration, if not always in practice) that, even to some in TradFi, represents a way to replace conventional ways of doing finance with blockchain-powered versions.",Competitive_Behavior,0.7287545800209045
"On Bitcoin White Paper's 15th Anniversary, Wall Street Threatens to Swallow Its One-Time Challenger",https://www.coindesk.com/business/2023/10/31/on-bitcoin-white-papers-15th-anniversary-wall-street-threatens-to-swallow-its-one-time-challenger/,"That fits broadly with Satoshi's peer-to-peer vision, even if some of the folks that have adopted this mindset collect Wall Street-sized paychecks.",Competitive_Behavior,0.35408326983451843
"On Bitcoin White Paper's 15th Anniversary, Wall Street Threatens to Swallow Its One-Time Challenger",https://www.coindesk.com/business/2023/10/31/on-bitcoin-white-papers-15th-anniversary-wall-street-threatens-to-swallow-its-one-time-challenger/,Which brings us back to the irony.,Competitive_Behavior,0.2722384035587311
"On Bitcoin White Paper's 15th Anniversary, Wall Street Threatens to Swallow Its One-Time Challenger",https://www.coindesk.com/business/2023/10/31/on-bitcoin-white-papers-15th-anniversary-wall-street-threatens-to-swallow-its-one-time-challenger/,"Whether bitcoin and crypto folks like it or not, TradFi is coming/is already here – though the degree of their involvement will hinge on regulators' desires, and they're clearly not psyched, judging, for instance, from the actions of the U.S. Securities and Exchange Commission and banking agencies.",Management_Of_Legal_And_Regulatory_Framework,0.3529627025127411
"On Bitcoin White Paper's 15th Anniversary, Wall Street Threatens to Swallow Its One-Time Challenger",https://www.coindesk.com/business/2023/10/31/on-bitcoin-white-papers-15th-anniversary-wall-street-threatens-to-swallow-its-one-time-challenger/,"Crypto will still have its crypto-y moments, like last week when the price of a totally normal token called HarryPotterObamaSonic10Inu zoomed higher.",Competitive_Behavior,0.5908626914024353
"On Bitcoin White Paper's 15th Anniversary, Wall Street Threatens to Swallow Its One-Time Challenger",https://www.coindesk.com/business/2023/10/31/on-bitcoin-white-papers-15th-anniversary-wall-street-threatens-to-swallow-its-one-time-challenger/,"""We have proposed a system for electronic transactions without relying on trust,"" Satoshi wrote 15 years ago.",Business_Ethics,0.6022738814353943
"On Bitcoin White Paper's 15th Anniversary, Wall Street Threatens to Swallow Its One-Time Challenger",https://www.coindesk.com/business/2023/10/31/on-bitcoin-white-papers-15th-anniversary-wall-street-threatens-to-swallow-its-one-time-challenger/,"After Sam Bankman-Fried, Do Kwon and Alex Mashinsky showed what can happen when you trust crypto natives, are users prepared to trust different crypto shepherds?",Data_Security,0.5732186436653137
"On Bitcoin White Paper's 15th Anniversary, Wall Street Threatens to Swallow Its One-Time Challenger",https://www.coindesk.com/business/2023/10/31/on-bitcoin-white-papers-15th-anniversary-wall-street-threatens-to-swallow-its-one-time-challenger/,"Or will they finally ditch the shepherds, as Satoshi might have hoped?",Management_Of_Legal_And_Regulatory_Framework,0.10602647811174393
"On Bitcoin White Paper's 15th Anniversary, Wall Street Threatens to Swallow Its One-Time Challenger",https://www.coindesk.com/business/2023/10/31/on-bitcoin-white-papers-15th-anniversary-wall-street-threatens-to-swallow-its-one-time-challenger/,Edited by Marc Hochstein.,Waste_And_Hazardous_Materials_Management,0.12302251160144806
"On Bitcoin White Paper's 15th Anniversary, Wall Street Threatens to Swallow Its One-Time Challenger",https://www.coindesk.com/business/2023/10/31/on-bitcoin-white-papers-15th-anniversary-wall-street-threatens-to-swallow-its-one-time-challenger/,"Disclosure Please note that our privacy policy, terms of use, cookies, and do not sell my personal information has been updated.CoinDesk is an award-winning media outlet that covers the cryptocurrency industry.",Customer_Privacy,0.8721091747283936
"On Bitcoin White Paper's 15th Anniversary, Wall Street Threatens to Swallow Its One-Time Challenger",https://www.coindesk.com/business/2023/10/31/on-bitcoin-white-papers-15th-anniversary-wall-street-threatens-to-swallow-its-one-time-challenger/,Its journalists abide by a strict set of editorial policies.,Management_Of_Legal_And_Regulatory_Framework,0.6243618726730347
"On Bitcoin White Paper's 15th Anniversary, Wall Street Threatens to Swallow Its One-Time Challenger",https://www.coindesk.com/business/2023/10/31/on-bitcoin-white-papers-15th-anniversary-wall-street-threatens-to-swallow-its-one-time-challenger/,"In November 2023, CoinDesk was acquired by the Bullish group, owner of Bullish, a regulated, digital assets exchange.",Systemic_Risk_Management,0.30076566338539124
"On Bitcoin White Paper's 15th Anniversary, Wall Street Threatens to Swallow Its One-Time Challenger",https://www.coindesk.com/business/2023/10/31/on-bitcoin-white-papers-15th-anniversary-wall-street-threatens-to-swallow-its-one-time-challenger/,"The Bullish group is majority-owned by Block.one; both companies have interests in a variety of blockchain and digital asset businesses and significant holdings of digital assets, including bitcoin.",Systemic_Risk_Management,0.5853646397590637
"On Bitcoin White Paper's 15th Anniversary, Wall Street Threatens to Swallow Its One-Time Challenger",https://www.coindesk.com/business/2023/10/31/on-bitcoin-white-papers-15th-anniversary-wall-street-threatens-to-swallow-its-one-time-challenger/,CoinDesk operates as an independent subsidiary with an editorial committee to protect journalistic independence.,Management_Of_Legal_And_Regulatory_Framework,0.5757758617401123
"On Bitcoin White Paper's 15th Anniversary, Wall Street Threatens to Swallow Its One-Time Challenger",https://www.coindesk.com/business/2023/10/31/on-bitcoin-white-papers-15th-anniversary-wall-street-threatens-to-swallow-its-one-time-challenger/,"CoinDesk employees, including journalists, may receive options in the Bullish group as part of their compensation.",Labor_Practices,0.9037753939628601
"On Bitcoin White Paper's 15th Anniversary, Wall Street Threatens to Swallow Its One-Time Challenger",https://www.coindesk.com/business/2023/10/31/on-bitcoin-white-papers-15th-anniversary-wall-street-threatens-to-swallow-its-one-time-challenger/,Nick Baker is CoinDesk’s deputy editor-in-chief and a Loeb Award winner.,Director_Removal,0.20390641689300537
"On Bitcoin White Paper's 15th Anniversary, Wall Street Threatens to Swallow Its One-Time Challenger",https://www.coindesk.com/business/2023/10/31/on-bitcoin-white-papers-15th-anniversary-wall-street-threatens-to-swallow-its-one-time-challenger/,"His crypto holdings are below CoinDesk's $1,000 disclosure threshold.",Systemic_Risk_Management,0.7039324641227722
"On Bitcoin White Paper's 15th Anniversary, Wall Street Threatens to Swallow Its One-Time Challenger",https://www.coindesk.com/business/2023/10/31/on-bitcoin-white-papers-15th-anniversary-wall-street-threatens-to-swallow-its-one-time-challenger/,"About Stay Updated Get In Touch The Fine Print Please note that our privacy policy, terms of use, cookies, and do not sell my personal information has been updated.CoinDesk is an award-winning media outlet that covers the cryptocurrency industry.",Customer_Privacy,0.737942099571228
"On Bitcoin White Paper's 15th Anniversary, Wall Street Threatens to Swallow Its One-Time Challenger",https://www.coindesk.com/business/2023/10/31/on-bitcoin-white-papers-15th-anniversary-wall-street-threatens-to-swallow-its-one-time-challenger/,Its journalists abide by a strict set of editorial policies.,Management_Of_Legal_And_Regulatory_Framework,0.6243618726730347
"On Bitcoin White Paper's 15th Anniversary, Wall Street Threatens to Swallow Its One-Time Challenger",https://www.coindesk.com/business/2023/10/31/on-bitcoin-white-papers-15th-anniversary-wall-street-threatens-to-swallow-its-one-time-challenger/,"In November 2023, CoinDesk was acquired by the Bullish group, owner of Bullish, a regulated, digital assets exchange.",Systemic_Risk_Management,0.30076566338539124
"On Bitcoin White Paper's 15th Anniversary, Wall Street Threatens to Swallow Its One-Time Challenger",https://www.coindesk.com/business/2023/10/31/on-bitcoin-white-papers-15th-anniversary-wall-street-threatens-to-swallow-its-one-time-challenger/,"The Bullish group is majority-owned by Block.one; both companies have interests in a variety of blockchain and digital asset businesses and significant holdings of digital assets, including bitcoin.",Systemic_Risk_Management,0.5853646397590637
"On Bitcoin White Paper's 15th Anniversary, Wall Street Threatens to Swallow Its One-Time Challenger",https://www.coindesk.com/business/2023/10/31/on-bitcoin-white-papers-15th-anniversary-wall-street-threatens-to-swallow-its-one-time-challenger/,CoinDesk operates as an independent subsidiary with an editorial committee to protect journalistic independence.,Management_Of_Legal_And_Regulatory_Framework,0.5757758617401123
"On Bitcoin White Paper's 15th Anniversary, Wall Street Threatens to Swallow Its One-Time Challenger",https://www.coindesk.com/business/2023/10/31/on-bitcoin-white-papers-15th-anniversary-wall-street-threatens-to-swallow-its-one-time-challenger/,"CoinDesk employees, including journalists, may receive options in the Bullish group as part of their compensation.",Labor_Practices,0.9037753939628601
"On Bitcoin White Paper's 15th Anniversary, Wall Street Threatens to Swallow Its One-Time Challenger",https://www.coindesk.com/business/2023/10/31/on-bitcoin-white-papers-15th-anniversary-wall-street-threatens-to-swallow-its-one-time-challenger/,©2024 CoinDesk,Management_Of_Legal_And_Regulatory_Framework,0.3182013928890228
"First Mover Americas: BTC Steadies, but 10% Monthly Loss Questions Nasdaq Rally",https://www.coindesk.com/markets/2024/06/25/first-mover-americas-btc-steadies-but-10-monthly-loss-questions-nasdaq-rally/,"This article originally appeared in First Mover, CoinDesk’s daily newsletter, putting the latest moves in crypto markets in context.",Systemic_Risk_Management,0.7003103494644165
"First Mover Americas: BTC Steadies, but 10% Monthly Loss Questions Nasdaq Rally",https://www.coindesk.com/markets/2024/06/25/first-mover-americas-btc-steadies-but-10-monthly-loss-questions-nasdaq-rally/,Subscribe to get it in your inbox every day.,Data_Security,0.297210693359375
"First Mover Americas: BTC Steadies, but 10% Monthly Loss Questions Nasdaq Rally",https://www.coindesk.com/markets/2024/06/25/first-mover-americas-btc-steadies-but-10-monthly-loss-questions-nasdaq-rally/,The crypto market regained some poise early Tuesday as analysts said supply overhang concerns stemming from defunct exchange Mt.,Competitive_Behavior,0.48502421379089355
"First Mover Americas: BTC Steadies, but 10% Monthly Loss Questions Nasdaq Rally",https://www.coindesk.com/markets/2024/06/25/first-mover-americas-btc-steadies-but-10-monthly-loss-questions-nasdaq-rally/,"Gox's planned distribution of 140,000 BTC are overdone.",Energy_Management,0.7546542286872864
"First Mover Americas: BTC Steadies, but 10% Monthly Loss Questions Nasdaq Rally",https://www.coindesk.com/markets/2024/06/25/first-mover-americas-btc-steadies-but-10-monthly-loss-questions-nasdaq-rally/,"Bitcoin traded above $61,000, having hit a low of $58,580 on Monday.",Systemic_Risk_Management,0.749909520149231
"First Mover Americas: BTC Steadies, but 10% Monthly Loss Questions Nasdaq Rally",https://www.coindesk.com/markets/2024/06/25/first-mover-americas-btc-steadies-but-10-monthly-loss-questions-nasdaq-rally/,"The broader market gauge of the CoinDesk 20 Index (CD20) bounced to 2,083 points from 2,020.",Systemic_Risk_Management,0.4618036150932312
"First Mover Americas: BTC Steadies, but 10% Monthly Loss Questions Nasdaq Rally",https://www.coindesk.com/markets/2024/06/25/first-mover-americas-btc-steadies-but-10-monthly-loss-questions-nasdaq-rally/,"Still, BTC, a liquidity proxy for macro traders, is down almost 10% for the month, starkly contrasting with a 5% gain in Wall Street's tech-heavy index, Nasdaq.",Systemic_Risk_Management,0.9063026905059814
"First Mover Americas: BTC Steadies, but 10% Monthly Loss Questions Nasdaq Rally",https://www.coindesk.com/markets/2024/06/25/first-mover-americas-btc-steadies-but-10-monthly-loss-questions-nasdaq-rally/,The differing trajectories might foreshadow a tightening of liquidity conditions in financial markets and be a bearish signal for Nasdaq.,Systemic_Risk_Management,0.9032171964645386
"First Mover Americas: BTC Steadies, but 10% Monthly Loss Questions Nasdaq Rally",https://www.coindesk.com/markets/2024/06/25/first-mover-americas-btc-steadies-but-10-monthly-loss-questions-nasdaq-rally/,"""If Bitcoin serves as a liquidity gauge, then it would tell us that liquidity in the market is falling and that the Nasdaq 100 should eventually follow suit and move lower as well,"" Mott Capital Management founder Michael Kramer said in his daily analysis.",Systemic_Risk_Management,0.8664882779121399
"First Mover Americas: BTC Steadies, but 10% Monthly Loss Questions Nasdaq Rally",https://www.coindesk.com/markets/2024/06/25/first-mover-americas-btc-steadies-but-10-monthly-loss-questions-nasdaq-rally/,"“It may not be such a good sign for Nvidia, either, because Nvidia has tracked Bitcoin fairly well, too.” Traders on the decentralized predictions platform Polymarket have already chosen a winner in the 2024 U.S. Presidential Elections, and it's not incumbent Joe Biden.",Competitive_Behavior,0.8204110860824585
"First Mover Americas: BTC Steadies, but 10% Monthly Loss Questions Nasdaq Rally",https://www.coindesk.com/markets/2024/06/25/first-mover-americas-btc-steadies-but-10-monthly-loss-questions-nasdaq-rally/,"A Polymarket contract asking who would win the election showed Republican candidate Donald Trump as the clear favorite, with a 57% chance of winning versus 35% for Biden.",Competitive_Behavior,0.6971707940101624
"First Mover Americas: BTC Steadies, but 10% Monthly Loss Questions Nasdaq Rally",https://www.coindesk.com/markets/2024/06/25/first-mover-americas-btc-steadies-but-10-monthly-loss-questions-nasdaq-rally/,"Meanwhile, another contract showed Biden winning the popular vote, which merely represents the proportion of votes cast for each candidate and carries no electoral weight.",Competitive_Behavior,0.49512502551078796
"First Mover Americas: BTC Steadies, but 10% Monthly Loss Questions Nasdaq Rally",https://www.coindesk.com/markets/2024/06/25/first-mover-americas-btc-steadies-but-10-monthly-loss-questions-nasdaq-rally/,Trump’s favorable stance on crypto means BTC and the wider market could emerge as a bet on Trump’s presidency in the lead up to the Nov. 4 election.,Competitive_Behavior,0.6851996183395386
"First Mover Americas: BTC Steadies, but 10% Monthly Loss Questions Nasdaq Rally",https://www.coindesk.com/markets/2024/06/25/first-mover-americas-btc-steadies-but-10-monthly-loss-questions-nasdaq-rally/,"The impending U.S.-based spot ether ETFs could see less demand than their already live BTC peers, broker Bernstein said in a report Monday, echoing recent comments by investment banking giant JPMorgan.",Competitive_Behavior,0.6016383767127991
"First Mover Americas: BTC Steadies, but 10% Monthly Loss Questions Nasdaq Rally",https://www.coindesk.com/markets/2024/06/25/first-mover-americas-btc-steadies-but-10-monthly-loss-questions-nasdaq-rally/,"""ETH should not see as much spot ETH conversion due to the lack of an ETH staking feature in the ETF,"" analysts Gautam Chhugani and Mahika Sapra wrote, adding that the basis trade will likely find takers over time and this should contribute to healthy liquidity in the ETF market.",Systemic_Risk_Management,0.855872392654419
"First Mover Americas: BTC Steadies, but 10% Monthly Loss Questions Nasdaq Rally",https://www.coindesk.com/markets/2024/06/25/first-mover-americas-btc-steadies-but-10-monthly-loss-questions-nasdaq-rally/,Spot ether ETFs are close to becoming available to investors in the U.S. after the Securities and Exchange Commission (SEC) approved key regulatory filings from issuers last month.,Management_Of_Legal_And_Regulatory_Framework,0.9282757639884949
"First Mover Americas: BTC Steadies, but 10% Monthly Loss Questions Nasdaq Rally",https://www.coindesk.com/markets/2024/06/25/first-mover-americas-btc-steadies-but-10-monthly-loss-questions-nasdaq-rally/,The excitement surrounding their debut has investors anticipating higher ether price swings than bitcoin.,Competitive_Behavior,0.4148806929588318
"First Mover Americas: BTC Steadies, but 10% Monthly Loss Questions Nasdaq Rally",https://www.coindesk.com/markets/2024/06/25/first-mover-americas-btc-steadies-but-10-monthly-loss-questions-nasdaq-rally/,Some analysts believe it is unfounded.,Business_Ethics,0.8173670768737793
"First Mover Americas: BTC Steadies, but 10% Monthly Loss Questions Nasdaq Rally",https://www.coindesk.com/markets/2024/06/25/first-mover-americas-btc-steadies-but-10-monthly-loss-questions-nasdaq-rally/,"- Omkar Godbole Disclosure Please note that our privacy policy, terms of use, cookies, and do not sell my personal information has been updated.CoinDesk is an award-winning media outlet that covers the cryptocurrency industry.",Customer_Privacy,0.8938001990318298
"First Mover Americas: BTC Steadies, but 10% Monthly Loss Questions Nasdaq Rally",https://www.coindesk.com/markets/2024/06/25/first-mover-americas-btc-steadies-but-10-monthly-loss-questions-nasdaq-rally/,Its journalists abide by a strict set of editorial policies.,Management_Of_Legal_And_Regulatory_Framework,0.6243618726730347
"First Mover Americas: BTC Steadies, but 10% Monthly Loss Questions Nasdaq Rally",https://www.coindesk.com/markets/2024/06/25/first-mover-americas-btc-steadies-but-10-monthly-loss-questions-nasdaq-rally/,"In November 2023, CoinDesk was acquired by the Bullish group, owner of Bullish, a regulated, digital assets exchange.",Systemic_Risk_Management,0.30076566338539124
"First Mover Americas: BTC Steadies, but 10% Monthly Loss Questions Nasdaq Rally",https://www.coindesk.com/markets/2024/06/25/first-mover-americas-btc-steadies-but-10-monthly-loss-questions-nasdaq-rally/,"The Bullish group is majority-owned by Block.one; both companies have interests in a variety of blockchain and digital asset businesses and significant holdings of digital assets, including bitcoin.",Systemic_Risk_Management,0.5853646397590637
"First Mover Americas: BTC Steadies, but 10% Monthly Loss Questions Nasdaq Rally",https://www.coindesk.com/markets/2024/06/25/first-mover-americas-btc-steadies-but-10-monthly-loss-questions-nasdaq-rally/,CoinDesk operates as an independent subsidiary with an editorial committee to protect journalistic independence.,Management_Of_Legal_And_Regulatory_Framework,0.5757758617401123
"First Mover Americas: BTC Steadies, but 10% Monthly Loss Questions Nasdaq Rally",https://www.coindesk.com/markets/2024/06/25/first-mover-americas-btc-steadies-but-10-monthly-loss-questions-nasdaq-rally/,"CoinDesk employees, including journalists, may receive options in the Bullish group as part of their compensation.",Labor_Practices,0.9037753939628601
"First Mover Americas: BTC Steadies, but 10% Monthly Loss Questions Nasdaq Rally",https://www.coindesk.com/markets/2024/06/25/first-mover-americas-btc-steadies-but-10-monthly-loss-questions-nasdaq-rally/,Omkar Godbole is a Co-Managing Editor on CoinDesk's Markets team.,Business_Model_Resilience,0.40655556321144104
"First Mover Americas: BTC Steadies, but 10% Monthly Loss Questions Nasdaq Rally",https://www.coindesk.com/markets/2024/06/25/first-mover-americas-btc-steadies-but-10-monthly-loss-questions-nasdaq-rally/,"About Stay Updated Get In Touch The Fine Print Please note that our privacy policy, terms of use, cookies, and do not sell my personal information has been updated.CoinDesk is an award-winning media outlet that covers the cryptocurrency industry.",Customer_Privacy,0.737942099571228
"First Mover Americas: BTC Steadies, but 10% Monthly Loss Questions Nasdaq Rally",https://www.coindesk.com/markets/2024/06/25/first-mover-americas-btc-steadies-but-10-monthly-loss-questions-nasdaq-rally/,Its journalists abide by a strict set of editorial policies.,Management_Of_Legal_And_Regulatory_Framework,0.6243618726730347
"First Mover Americas: BTC Steadies, but 10% Monthly Loss Questions Nasdaq Rally",https://www.coindesk.com/markets/2024/06/25/first-mover-americas-btc-steadies-but-10-monthly-loss-questions-nasdaq-rally/,"In November 2023, CoinDesk was acquired by the Bullish group, owner of Bullish, a regulated, digital assets exchange.",Systemic_Risk_Management,0.30076566338539124
"First Mover Americas: BTC Steadies, but 10% Monthly Loss Questions Nasdaq Rally",https://www.coindesk.com/markets/2024/06/25/first-mover-americas-btc-steadies-but-10-monthly-loss-questions-nasdaq-rally/,"The Bullish group is majority-owned by Block.one; both companies have interests in a variety of blockchain and digital asset businesses and significant holdings of digital assets, including bitcoin.",Systemic_Risk_Management,0.5853646397590637
"First Mover Americas: BTC Steadies, but 10% Monthly Loss Questions Nasdaq Rally",https://www.coindesk.com/markets/2024/06/25/first-mover-americas-btc-steadies-but-10-monthly-loss-questions-nasdaq-rally/,CoinDesk operates as an independent subsidiary with an editorial committee to protect journalistic independence.,Management_Of_Legal_And_Regulatory_Framework,0.5757758617401123
"First Mover Americas: BTC Steadies, but 10% Monthly Loss Questions Nasdaq Rally",https://www.coindesk.com/markets/2024/06/25/first-mover-americas-btc-steadies-but-10-monthly-loss-questions-nasdaq-rally/,"CoinDesk employees, including journalists, may receive options in the Bullish group as part of their compensation.",Labor_Practices,0.9037753939628601
"First Mover Americas: BTC Steadies, but 10% Monthly Loss Questions Nasdaq Rally",https://www.coindesk.com/markets/2024/06/25/first-mover-americas-btc-steadies-but-10-monthly-loss-questions-nasdaq-rally/,©2024 CoinDesk,Management_Of_Legal_And_Regulatory_Framework,0.3182013928890228
